{
  "Vanilla_RNN": {
    "test_f1": 0.16104577254183555,
    "test_loss": 1.5338185548395933
  },
  "BiRNN": {
    "test_f1": 0.4354549045455051,
    "test_loss": 2.3624827355581126
  }
}